date,omega,aG,bG,phi,kz,phi4,delta,kappa
2004-01-02,1.1668843961067694e-08,2.845988154775573e-10,0.9928447961085163,0.9928447963931151,3.0542050744873968,0.9857407897248862,0.014259210275113787,4.057861906187704
2004-01-09,1.1189843452123209e-08,5.230010020023946e-11,0.9940085103514886,0.9940085104037887,3.0364224559547455,0.988052918755159,0.011947081244841007,4.048366159415401
2004-01-16,1.0696407586003685e-08,0.0,0.9931067360855435,0.9931067360855435,3.0546657366647985,0.9862609892584813,0.013739010741518731,4.0557216026636045
2004-01-26,1.0444690977841644e-08,1.8388427080937e-17,0.9922061814085046,0.9922061814085046,3.0376191171488567,0.9844731064252463,0.015526893574753675,4.063087121317651
2004-02-02,9.84181158250135e-09,0.0,0.9944690278106271,0.9944690278106271,3.075566544532365,0.9889686472746138,0.011031352725386245,4.044617603422662
2004-02-09,0.0010513379034946034,0.0,0.9923874579718094,0.9923874579718094,3.054322532667675,0.9848328667397498,0.01516713326025021,4.06160287200999
2004-02-17,0.0034987430648559213,1.6536067451837874e-21,0.9884514282951772,0.9884514282951772,3.041717920833484,0.9770362260987758,0.02296377390122417,4.094014012122832
2004-02-24,0.0038100560157691673,2.3487095178776843e-10,0.9877620150195456,0.9877620152544165,3.0258339763550555,0.9756737987794663,0.02432620122053375,4.099730878295451
2004-03-02,0.0047102226667598505,2.2332124965488294e-12,0.9857045259059779,0.9857045259082111,3.024977240802937,0.9716134123959312,0.028386587604068758,4.116863712426816
2004-03-09,0.007237424906540956,1.995735828575026e-18,0.9811827580649065,0.9811827580649065,3.0521140138725174,0.9627196047238569,0.03728039527614313,4.154896171608915
2004-03-16,0.011304071881764495,7.817156901940193e-23,0.9774179649896232,0.9774179649896232,3.034311696101571,0.9553458782844563,0.044654121715543726,4.186965256167664
2004-03-23,0.011234468207250473,9.653710094591133e-16,0.9784063408453554,0.9784063408453564,3.0201452426188764,0.9572789678063996,0.04272103219360035,4.17851027184477
2004-03-30,0.008747991663424937,0.0,0.9832018634677879,0.9832018634677879,3.0184099080562126,0.9666859043265307,0.033314095673469324,4.137848687042473
2004-04-06,0.005306268579383339,1.3107790946845212e-14,0.9889108824755077,0.9889108824755208,3.0235343605753493,0.9779447334785134,0.022055266521486594,4.090210686827002
2004-04-14,0.008432197195702413,1.6018327133072466e-15,0.9834952423338854,0.983495242333887,3.0174985727395187,0.9672628916933911,0.03273710830660892,4.135380395909931
2004-04-21,0.008355465169380521,3.922238972984769e-11,0.9837558642537128,0.9837558642929352,3.0174625282128362,0.9677756005307399,0.032224399469260145,4.133189551179377
2004-04-28,0.0037084862376859716,1.0565809706747208e-07,0.9921309168081657,0.9921310224662627,3.0329439831303975,0.9843239657399747,0.015676034260025284,4.063702743428545
2004-05-05,0.007712157055334185,0.0,0.9852710238555573,0.9852710238555573,3.0144689376729015,0.9707589904493782,0.02924100955062181,4.120487205736145
2004-05-12,0.009333209368771914,4.839208279847677e-10,0.9828962892640224,0.9828962897479432,3.0355633016575565,0.9660851164002727,0.033914883599727275,4.140421927732817
2004-05-19,0.007300035462547221,1.420493145854407e-10,0.9863785812794252,0.9863785814214745,3.0323932851809468,0.9729427058870406,0.02705729411295943,4.111239002869305
2004-05-26,0.00844701139960621,0.0,0.9842981041394683,0.9842981041394683,3.028586909796954,0.9688427578125516,0.03115724218744842,4.128636941077188
2004-06-03,0.011347215543591072,6.879609035382091e-12,0.9780217940269732,0.9780217940338528,3.0219067439393172,0.956526629605196,0.043473370394804034,4.181796801256845
2004-06-10,0.015388669295952466,6.519554227118617e-10,0.9716537909514207,0.9716537916033761,3.0160425621379385,0.944111090737217,0.055888909262783004,4.236789546531613
2004-06-18,0.01185433935112003,1.6460278271638921e-12,0.9775919320452229,0.9775919320468689,3.0180902935820506,0.95568598560313,0.044314014396869994,4.185475208654037
2004-06-25,0.01118135425872514,1.0096695364585051e-19,0.9783186816759551,0.9783186816759551,3.025936568315783,0.9571074429161789,0.042892557083821115,4.179259109941234
2004-07-02,0.0140170868324584,1.2801161799169818e-11,0.9727956683407329,0.9727956683535341,3.04090320051623,0.9463314123673991,0.05366858763260085,4.226849016871754
2004-07-12,0.011542696647597087,1.0789769547078982e-12,0.9771929074821747,0.9771929074832537,3.0161625424631437,0.9549059784355748,0.04509402156442521,4.188894079973414
2004-07-19,0.051242657227432126,0.023268113079543584,0.8792844465102397,0.9025525595897833,3.0321164908408185,0.815701321026129,0.18429867897387098,4.903755696960395
2004-07-26,0.0689865124842024,0.017201293554715984,0.8532078809025615,0.8704091744572775,3.0426154573027913,0.7582165092325848,0.24178349076741523,5.2755379911847715
2004-08-02,0.07147400878726125,0.021151848695769263,0.8423530229417082,0.8635048716374775,3.0440568459262307,0.7465551758120041,0.25344482418799585,5.357942895043663
2004-08-09,0.0765218539353005,0.02793335864534414,0.8308745005016926,0.8588078591470368,3.03064719109927,0.739135397144325,0.26086460285567503,5.411728372709706
2004-08-16,0.07572135114793425,0.025052232974138597,0.836792347085718,0.8618445800598566,3.043956521471354,0.7440588966773696,0.2559411033226304,5.3759185164806045
2004-08-23,0.07825421849214036,0.02536865243052735,0.8330559902355159,0.8584246426660432,3.0370247356592124,0.7382038321431648,0.26179616785683524,5.418557620308118
2004-08-30,0.016474154220993888,1.273006892516799e-18,0.9677762379248206,0.9677762379248206,3.0428456178549936,0.9365908466919189,0.06340915330808106,4.270808340833332
2004-09-07,0.021434912766454994,6.926084919657195e-18,0.9578596720915078,0.9578596720915078,3.0367431952326966,0.9174951514192509,0.08250484858074913,4.359696063584094
2004-09-14,0.025463937386174484,3.175037456649061e-18,0.9490084475259641,0.9490084475259641,3.0151133152178367,0.9006170334756406,0.0993829665243594,4.441399453176332
2004-09-21,0.03617448650104751,0.0013950024956624122,0.9251168928046114,0.9265118953002738,3.0199808899569556,0.8584282230802819,0.14157177691971812,4.659679041827021
2004-09-28,0.0561855078174072,0.0015015407734218663,0.8853131069896996,0.8868146477631215,3.030235552517774,0.786444796906441,0.21355520309355902,5.086180257958853
2004-10-05,0.012604172365190704,1.7326737384040388e-13,0.975323227600397,0.9753232276005703,3.0340589643927456,0.9512553982971939,0.048744601702806145,4.204969566701275
2004-10-12,0.22120963712352684,6.597894547729333e-19,0.5457957323144929,0.5457957323144929,3.023704433554756,0.29789298141271353,0.7021070185872864,12.0
2004-10-19,0.35768780412769385,3.2079065894907026e-21,0.2846599261483005,0.2846599261483005,3.0479846007505427,0.0810312735547559,0.9189687264452441,12.0
2004-11-02,0.40711802995534974,8.218722240535773e-19,0.1675295579457108,0.1675295579457108,3.0448921893335776,0.028066152785485278,0.9719338472145147,12.0
2004-11-09,0.2995244458690481,1.6314403221827762e-21,0.4028989419740753,0.4028989419740753,3.0281533396164915,0.16232755744382926,0.8376724425561708,12.0
2004-11-23,0.45766170241962845,4.0536881607107235e-21,0.0874018644794092,0.0874018644794092,3.037293641527863,0.007639085914477012,0.992360914085523,12.0
2004-12-01,0.019012212677990026,3.1735555443775824e-18,0.9621711875364272,0.9621711875364272,3.0446137516620833,0.9257733941252585,0.0742266058747415,4.320711769622096
2004-12-08,0.18688429377930812,0.0012212398728817608,0.6243151388443317,0.6255363787172135,3.0380283199738307,0.3912988006687559,0.6087011993312441,10.222367135201365
2004-12-15,0.024789074869391282,2.34298696532942e-16,0.9509535553137303,0.9509535553137305,3.0452963318755435,0.9043126643638243,0.09568733563617571,4.4232489023184955
2004-12-22,0.03132279324632349,1.8442094015958818e-17,0.9375896074945402,0.9375896074945402,3.058501416515907,0.879074272081766,0.12092572791823397,4.5502412333459175
2004-12-30,0.07078955084602413,0.00976538193230553,0.8460276933297639,0.8557930752620695,3.044190128154655,0.7325767271243173,0.2674232728756827,5.46017891627781
2005-01-06,0.07907160107684426,0.010933349025553004,0.8286439756397805,0.8395773246653335,3.028983634683806,0.7051326249832555,0.29486737501674454,5.67269171539891
2005-01-21,0.07500042577175023,0.0120360431222276,0.8353756524125487,0.8474116955347764,3.027953457130457,0.718400363912063,0.28159963608793703,5.567925910028669
2005-01-28,0.0635727053256144,0.015016785295098027,0.8535602247421467,0.8685770100372446,3.039566566299893,0.754885952459098,0.24511404754090205,5.2988136644610995
2005-02-04,7.534285650790334e-09,9.687784407746298e-09,0.9989311263806593,0.9989311360684436,3.0195588764400925,0.9978634146069918,0.0021365853930082057,4.008564640658159
2005-02-11,0.07092581773732569,0.0183406155628875,0.8338042914419358,0.8521449070048233,3.02252983993733,0.7268312774392465,0.27316872256075353,5.503340492022714
2005-02-18,4.743263312603543e-09,0.0,0.9984922543972443,0.9984922543972443,3.0222346024693256,0.9969867820912912,0.0030132179087087874,4.012089299328074
2005-02-28,0.0053842413641974635,0.0,0.9862292873340407,0.9862292873340407,3.0362112689829344,0.9726482071954098,0.027351792804590214,4.112483804945091
2005-03-07,0.011700586393493438,2.1315140797401003e-10,0.9718713307101158,0.9718713309232672,3.0120998888950816,0.9445338838705627,0.055466116129437304,4.2348930708643095
2005-03-14,0.01245111857110584,1.0180727152570813e-13,0.9702629989397263,0.9702629989398281,3.016347061572517,0.9414102871117089,0.05858971288829107,4.248944434495387
2005-03-21,0.007860975194341561,0.0,0.9804188895464239,0.9804188895464239,3.0245147446107854,0.9612211989794429,0.038778801020557085,4.161373057779956
2005-04-05,0.24885635686111576,0.0,0.4423873457929751,0.4423873457929751,3.0338539797933124,0.19570656371775333,0.8042934362822467,12.0
2005-04-12,0.016592595478716075,5.438561037264076e-09,0.9608119658011209,0.960811971239682,3.0382321978752787,0.9231596440774835,0.07684035592251648,4.332945038988585
2005-04-19,0.02645798395099939,0.0,0.9397318340705181,0.9397318340705181,3.042852358273856,0.8830959199655397,0.11690408003446029,4.529519285012763
2005-04-26,0.46553333673041997,0.004323601460099552,5.195008217660659e-23,0.004323601460099552,3.048043404277891,5.697868955659504e-05,0.9999430213104434,12.0
2005-05-03,0.05971588085480169,0.01447768927532541,0.8582784774451377,0.8727561667204632,3.03279485836408,0.7621294074387632,0.23787059256123677,5.248452508141012
2005-05-10,0.06096907671020828,0.012549297619492816,0.8554517494570425,0.8680010470765354,3.0285326279500335,0.7537452809246715,0.24625471907532848,5.306832561648576
2005-05-17,0.054096223689695654,0.014326484897946593,0.8709375800479789,0.8852640649459256,3.0361200545002034,0.7841103745987155,0.21588962540128454,5.101322632093832
2005-05-24,0.05736872733084829,0.015618593926776623,0.8623136774742897,0.8779322714010663,3.0404888490123665,0.7712628309890455,0.22873716901095453,5.186299454973753
2005-06-01,0.07200722842187554,0.022368922050909797,0.823005122432948,0.8453740444838578,3.0373661976681747,0.715676709309204,0.284323290690796,5.589115794841136
2005-06-08,0.048620466469347486,0.023645965396294627,0.8702504289919523,0.8938963943882469,3.0390334827678216,0.8001908521161314,0.1998091478838686,4.99880745877295
2005-06-15,0.04605457404208884,0.03161813822730915,0.8669877576763234,0.8986058959036326,3.0184281083332705,0.809510392185416,0.19048960781458402,4.9412583687793
2005-06-22,0.05146621529006735,0.040141721770847974,0.8449794852706227,0.8851212070414707,3.0218043231229768,0.7866974013747271,0.2133025986252729,5.084547111774025
2005-06-29,0.06156667159068405,0.0355466824819334,0.8289828310049596,0.864529513486893,3.0247482564165975,0.7499696840319209,0.2500303159680791,5.333548922265168
2005-07-07,0.056828177868061124,0.03649171008453608,0.8391684671655391,0.8756601772500752,3.0408023298677005,0.7694983700460968,0.23050162995390322,5.198191647579942
2005-07-14,0.04240998443056202,0.03106576313317532,0.874885997156884,0.9059517602900593,3.053720297805547,0.8227305997238065,0.17726940027619353,4.861858792346868
2005-07-21,0.0439941019310889,0.03427996643578223,0.8661522993129325,0.9004322657487147,3.0287621984645465,0.8131622963214943,0.18683770367850572,4.919067224457918
2005-07-28,0.04198406971371713,0.03373455629567043,0.8688885108015159,0.9026230670971863,3.027792266941291,0.8170360699965049,0.1829639300034951,4.895744688502077
2005-08-04,0.046802034465484324,0.03907752123337379,0.8488837445483296,0.8879612657817034,3.013940528418225,0.7915506027812174,0.20844939721878264,5.053372438787202
2005-08-11,0.040791039198038934,0.03376030480152999,0.8685316211549033,0.9022919259564334,3.0168539895079403,0.8164294454791664,0.1835705545208336,4.899382331381227
2005-08-18,0.03473688015542653,0.03129475958082098,0.8868325960585601,0.9181273556393811,3.0167373645562066,0.8449329570662506,0.1550670429337494,4.734103417966644
2005-08-25,0.03512251531797547,0.032329569947210944,0.8838633701937579,0.9161929401409689,3.0397140441523005,0.8415414149124505,0.1584585850875495,4.75318258747389
2005-09-01,0.03501715769211896,0.03299475121667956,0.8831993612100956,0.9161941124267752,3.0271963589240354,0.8416185662754505,0.1583814337245495,4.75274686215852
2005-09-09,0.03402981261872205,0.03126832717743268,0.8874619351537683,0.9187302623312009,3.014948861925829,0.8460353271182556,0.15396467288174442,4.727934959435678
2005-09-16,0.02622479015498715,0.029465908826062027,0.9064451947779664,0.9359111036040284,3.0311244505703674,0.8776930969014095,0.12230690309859049,4.557401686445434
2005-09-23,0.03227960405503655,0.03225303262040302,0.8898085344853863,0.9220615671057893,3.0350547863489235,0.852314515785916,0.147685484214084,4.693103221774435
2005-09-30,0.026440418265143862,0.03162789409721936,0.9022023833008753,0.9338302773980947,3.026209556583311,0.8740658523956766,0.12593414760432342,4.576314231973061
2005-10-07,0.03415800990170476,0.031907324953970154,0.8857220212591027,0.9176293462130729,3.021138583652202,0.8441012925168505,0.1558987074831495,4.738767770480756
2005-10-14,0.03117274529913853,0.029981975186625574,0.8928951230467721,0.9228770982333977,3.020323722921437,0.8535182454932327,0.14648175450676726,4.686484467228317
2005-10-21,0.03866644557281224,0.045604530423587544,0.8633875486332837,0.9089920790568713,3.0171369403689,0.8304617871276714,0.16953821287232862,4.816597298034447
2005-10-28,0.04169577099128499,0.05041171065155701,0.8533870234709157,0.9037987341224727,3.014879582880944,0.8219726470306689,0.17802735296933114,4.866341981633794
2005-11-04,0.03947846257770022,0.059630480476319137,0.8512806574343449,0.910911137910664,3.0120968122367073,0.836913703348186,0.16308629665181396,4.779465294925225
2005-11-11,0.04989957748326999,0.06144300802641791,0.8221020083239137,0.8835450163503316,3.0274220407171915,0.7883058072618933,0.21169419273810675,5.074172945514162
2005-11-18,0.056595568736478155,0.06687033025834768,0.8008561089550165,0.8677264392133641,3.038558987950192,0.7620648774017169,0.2379351225982831,5.2488969359644555
2005-11-28,0.060479144707946596,0.07753349278342009,0.7785271356251594,0.8560606284085794,3.0256808587230895,0.745017063523332,0.25498293647666803,5.369004544786148
2005-12-05,0.06241464133685686,0.07902395537806049,0.7739002155102844,0.8529241708883449,3.0207253433931003,0.7400986376571508,0.2599013623428492,5.404684992614446
2005-12-12,0.06002510715468809,0.08396325653351441,0.7726769778812187,0.8566402344147331,3.0242551389669763,0.748103142682247,0.251896857317753,5.3468562979944325
2005-12-19,0.060260470757892905,0.09274270387039123,0.7622091097488725,0.8549518136192636,3.0296047467040306,0.7483996584706316,0.2516003415293684,5.344737874645845
2005-12-27,0.05333649232984569,0.09714677886394824,0.7732493843310778,0.8703961631950261,3.0220467575242704,0.7766725403920426,0.2233274596079574,5.1501756428531795
2006-01-04,0.0682861479620629,0.09436135347070057,0.7451015990063463,0.8394629524770469,3.012099821070163,0.7226139162327715,0.2773860837672285,5.535459406668142
2006-01-11,0.0622225888746097,0.08722341679055384,0.7642508428256825,0.8514742596162364,3.015273283793414,0.7403404616512544,0.25965953834874556,5.4029196122529966
2006-01-19,0.06068802596242769,0.0871537476052088,0.76504049029913,0.8521942379043388,3.0179994225699796,0.7415632901375822,0.25843670986241785,5.394010266147183
2006-01-26,0.0569507657319512,0.065047835780825,0.800864304779623,0.865912140560448,3.0238955079300833,0.7583673842230356,0.24163261577696438,5.27448843821005
2006-02-02,0.057209921697644016,0.06468329256445594,0.7993652175990498,0.8640485101635057,3.063045003343726,0.7552114603657266,0.24478853963427338,5.296529793209068
2006-02-09,0.05568664916745779,0.06461218618222925,0.8044756321989089,0.8690878183811381,3.063083841243952,0.7639264635599272,0.23607353644007278,5.236106079320572
2006-02-16,0.05263923273803307,0.06364629039554115,0.8104874071066598,0.8741336975022009,3.0239454365157337,0.7723084210493376,0.2276915789506624,5.179277981412127
2006-02-24,0.056399816899020835,0.07101049117185632,0.7926745503772628,0.8636850415491191,3.0495150490471876,0.756286509841203,0.24371349015879695,5.289000858735239
2006-03-03,0.05510191976070628,0.06807328834247034,0.7989677336643893,0.8670410220068596,3.03407109435849,0.7611859635314379,0.23881403646856214,5.25495764719891
2006-03-10,0.05482603699937271,0.07067564085936814,0.7949210132518768,0.865596654111245,3.0491486461691086,0.759493159789164,0.24050684021083601,5.266670210842193
2006-03-17,0.05525693440393259,0.07121651905874654,0.7928228547779248,0.8640393738366714,3.0303348399534955,0.756861476730156,0.24313852326984398,5.284982949959443
2006-03-24,0.045159411179504415,0.06672658849866735,0.8195136915779159,0.8862402800765832,3.0596438355938895,0.7945922697125238,0.20540773028747616,5.034028334364696
2006-03-31,0.03466629148115066,0.056067312592812855,0.8535346622557919,0.9096019748486047,3.0876904085244514,0.8339384983486001,0.16606150165139988,4.796516779020236
2006-04-07,0.025380465742929924,0.035309435145798165,0.89280200324757,0.9281114383933682,3.0554089641699136,0.8639534359674234,0.13604656403257664,4.629879150281921
2006-04-17,0.031300847623240334,0.028984809443345062,0.881345759650494,0.910330569093839,3.061678389053267,0.8304338005811875,0.16956619941881246,4.816759622742426
2006-04-24,0.03411116274735955,0.017583376750903736,0.8866497854570992,0.9042331622080029,3.1883784107195248,0.8183142038337367,0.18168579616626335,4.888097971733009
2006-05-01,0.038898086088727205,0.016800559982548813,0.8716019311853951,0.8884024911679439,3.3245708420710858,0.7899151169263656,0.21008488307363438,5.063835232783465
2006-05-08,0.04722607185209725,0.018529344497346355,0.846036208591331,0.8645655530886773,3.304471104016936,0.7482648048784686,0.2517351951215314,5.345701112655794
2006-05-15,0.008859403479257552,4.628503763268402e-11,0.9757915626929514,0.9757915627392365,3.4208719446684044,0.9521691739130812,0.0478308260869188,4.200934150767981
2006-05-22,0.01239014010209235,0.0,0.9674793530029264,0.9674793530029264,3.652456082365466,0.9360162984869611,0.0639837015130389,4.273429860640104
2006-05-30,0.012955041862567743,0.0,0.9659649580322973,0.9659649580322973,3.6050234074565757,0.9330883001463379,0.06691169985366208,4.286839733573632
2006-06-06,0.025820659895152503,0.030249886590207192,0.9080050354302865,0.9382549220204938,3.7672642841333266,0.8828544994827086,0.11714550051729145,4.530757902172693
2006-06-13,0.03266383862502361,0.024930905997261527,0.8955132140310785,0.9204441200283401,3.667972586092906,0.8488756566526459,0.15112434334735414,4.7121153359175345
2006-06-20,0.024962190516983788,0.03600119443412041,0.9074029888066145,0.9434041832407349,3.6207363436500537,0.8934081526426051,0.10659184735739491,4.477236958458943
2006-06-27,0.02725201955747082,0.03236533365936084,0.9040863988106391,0.9364517324699999,3.6466300981924697,0.879714231504606,0.12028576849539396,4.546931101885962
2006-07-05,0.01847016619686826,0.035607278924569434,0.9246415586883292,0.9602488376128986,3.7615093871954297,0.9255790879984704,0.07442091200152956,4.321618813417499
2006-07-12,0.022783061753649157,0.031581685026407576,0.9186398970646376,0.9502215820910451,3.934712857799103,0.905848145978595,0.09415185402140502,4.415751158466818
2006-07-19,0.020846378608582596,0.031609999857196654,0.9231493870538781,0.9547593869110748,3.7986419654976697,0.9143618678121987,0.08563813218780125,4.374635623826738
2006-07-26,0.013706405884716024,0.03697365429406012,0.9373670612265518,0.9743407155206119,3.805763169918741,0.9531754515822619,0.04682454841773809,4.196499178991695
2006-08-02,0.015177201604560674,0.03446268235060125,0.9357905388517715,0.9702532212023728,3.9161610758454857,0.9448547691600852,0.05514523083991485,4.2334548446590805
2006-08-09,0.02109319789625778,0.034385692188757186,0.9221260895579226,0.9565117817466798,4.238777154426796,0.9187442404376136,0.0812557595623864,4.353768789989618
2006-08-16,0.021179644957688797,0.03334886457315498,0.9235591554853629,0.9569080200585179,4.43050648417107,0.91948818555238,0.08051181444762001,4.350246216156666
2006-08-23,0.024093313790475964,0.03694671622395927,0.912493961003716,0.9494406772276753,4.280723481778173,0.9059159834447936,0.09408401655520637,4.415420494944562
2006-08-30,0.02452919458511546,0.042028632264899765,0.9054798805247458,0.9475085127896455,4.5452967227211465,0.9040348149636764,0.09596518503632356,4.4246083599786115
2006-09-07,0.0266021568494976,0.04503372475145645,0.8984455965742995,0.943479321325756,4.716220560116765,0.897689860205549,0.10231013979445103,4.45588190010757
2006-09-14,0.0248443203130634,0.04488616295428591,0.9019408240731591,0.946826987027445,4.760045713665119,0.9040569617349747,0.09594303826502526,4.424499969917387
2006-09-21,0.02133212417158336,0.04787386533710276,0.9058578542602028,0.9537317195973056,5.242748400366801,0.9193281776490402,0.08067182235095982,4.35100337099319
2006-09-28,0.01877343614982565,0.04357465613834141,0.9131892386575367,0.9567638947958781,4.581560884581878,0.9221976414697217,0.07780235853027828,4.337465007636686
2006-10-05,0.01920794682732333,0.04229641376707372,0.9120629194207487,0.9543593331878224,4.592995942535425,0.9172295585008322,0.08277044149916779,4.3609584568314705
2006-10-12,0.017229002647683837,0.04499865404558885,0.9125265295266066,0.9575251835721955,4.893947740829305,0.9247392496603478,0.07526075033965218,4.325543661598856
2006-10-19,0.01923853267896337,0.04633580771901657,0.9047924235596526,0.9511282312786692,4.964231606606629,0.9131561456494368,0.08684385435056319,4.38041184857295
2006-10-26,0.011853098217685636,0.04575193798076447,0.9243108987448905,0.970062836725655,5.444231562340674,0.950324749711796,0.049675250288203965,4.209087473743135
2006-11-02,0.012455193232918826,0.04011636299507023,0.9301109796458538,0.970227342640924,5.34088713520444,0.9483269840917776,0.051673015908222375,4.217954426163293
2006-11-09,0.01268357863548702,0.03989917185545273,0.9302569506490833,0.9701561225045361,5.646138744071391,0.9485992943337493,0.05140070566625066,4.216743596472321
2006-11-16,0.011526326606540615,0.041198725744595044,0.9311631697883904,0.9723618955329855,5.637724901839262,0.9533594286945767,0.04664057130542332,4.195689348221112
2006-11-24,0.00852991576387453,0.046551629845805444,0.9338883046609069,0.9804399345067123,7.164714652810607,0.9746217362103093,0.025378263789690658,4.104156362809517
2006-12-01,0.011591963280474574,0.04286879616668561,0.9322917746803109,0.9751605708469965,8.361121056813312,0.9644659190584954,0.035534080941504564,4.1473730911142725
2006-12-08,0.012701933816305458,0.043928688905411836,0.9288015237473509,0.9727302126527627,7.716605828039771,0.9591653004171536,0.04083469958284636,4.170292647430372
2006-12-15,0.010218537896050034,0.04314356904649742,0.9340535528625175,0.9771971219090149,7.626389238891346,0.9672483609706667,0.03275163902933331,4.135442520663322
2006-12-22,0.0071750202386975884,0.04383168389680187,0.9387767136608882,0.9826083975576901,7.2343713778961165,0.9774968401917088,0.022503159808291207,4.09208483908297
2007-01-03,0.008006066066069469,0.0427642759695083,0.9361855751075024,0.9789498510770107,5.946609936252451,0.9673890885627583,0.03261091143724171,4.1348409314216745
2007-01-10,0.007316868068233066,0.044940909343770485,0.936697687143128,0.9816385964868984,6.43536411483075,0.9745920592930764,0.02540794070692365,4.10428133685125
2007-01-18,0.005401178580923706,0.04576308241664375,0.9390559642750134,0.9848190466916571,6.044918366993613,0.9804339240143628,0.0195660759856372,4.0798261892266
2007-01-25,0.008083985750318523,0.04815405570821048,0.929454957426135,0.9776090131343456,4.550796208935448,0.9639530152592843,0.03604698474071566,4.14957984121672
2007-02-01,0.008977152391378073,0.046585655730012686,0.9289938736343036,0.9755795293643164,4.667283973884985,0.9597142433151375,0.04028575668486245,4.1679072993465365
2007-02-08,0.007168552820524482,0.04693087828064947,0.932730398368158,0.9796612766488074,5.058537866902287,0.9686751763912411,0.03132482360875888,4.1293511978926025
2007-02-15,0.00853642486269252,0.04697098902787147,0.9294804252064693,0.9764514142343408,4.796883209687759,0.9618343283463807,0.03816567165361928,4.158720355590697
2007-02-23,0.007048332559819798,0.047135494226544464,0.9331208231162103,0.9802563173427548,5.501116142120573,0.9709028241564238,0.029097175843576184,4.1198767790952
2007-03-02,0.010416404758787867,0.047314278666737125,0.933430860773825,0.9807451394405621,32.31805642895063,1.031970912625921,-0.03197091262592111,3.876078241218761
2007-03-09,0.010683824633727055,0.05733587622637191,0.9257509191880103,0.9830867954143823,27.515854051594477,1.0536279375902937,-0.05362793759029372,3.796406546648929
2007-03-16,0.01183164583919589,0.059645095053416704,0.9245793744415888,0.9842244694950055,50.0,1.1430171371853495,-0.14301713718534947,3.4995100859554022
2007-03-23,0.009551835726906967,0.059853312567924755,0.9285672323680242,0.9884205449359489,50.0,1.1525137058938095,-0.15251370589380953,3.4706745607835336
2007-03-30,0.009474186816125605,0.05684343319503345,0.9300937997110833,0.9869372329061168,50.0,1.1323727206688958,-0.13237272066889583,3.5324058298023893
2007-04-09,0.01077995867529163,0.057052406925134046,0.9272346450238964,0.9842870519490304,50.0,1.1283148802961165,-0.12831488029611648,3.5451096762547656
2007-04-16,0.012800293122105878,0.062252157074111185,0.9201795378599437,0.9824316949340548,50.0,1.1550632571696104,-0.15506325716961045,3.4630138004750304
2007-04-23,0.013653908022649744,0.06452733993758603,0.9135431631023789,0.978070503039965,50.0,1.1606470112884686,-0.1606470112884686,3.446353595103374
2007-04-30,0.009467090512683754,0.05127364397227128,0.9286347308662662,0.9799083748385375,48.72688861385857,1.085693772090834,-0.08569377209083395,3.6842801375721095
2007-05-07,0.006723842192841824,0.037009800952590086,0.9432938358800067,0.9803036368325968,13.731334126764919,0.9784336516906738,0.021566348309326244,4.088166829798059
2007-05-14,0.00645327176479762,0.029685224774426578,0.9490095314807884,0.978694756255215,10.566578538826565,0.9662736151808828,0.03372638481911716,4.139614222262723
2007-05-21,0.007059596781581346,0.03118418296429591,0.9463177089923555,0.9775018919566514,11.701668360982712,0.9659168211404336,0.034083178859566354,4.1411433287571295
2007-05-29,0.007783570562448563,0.026830983147795754,0.9461508948469416,0.9729818779947373,10.231445202418342,0.9533394676009126,0.04666053239908741,4.195777197881083
2007-06-05,0.008370024294343487,0.02735339653800196,0.9443777293503487,0.9717311258883506,15.863107891902677,0.95538208174094,0.04461791825906003,4.186806594395219
2007-06-12,0.01040122017553632,0.029815774352867933,0.9387066835159515,0.9685224578688195,15.493720428832823,0.950920384784356,0.04907961521564397,4.206450996322995
2007-06-19,0.013747160958159123,0.04057951521878606,0.9234237109114817,0.9640032261302678,22.177962881225685,0.964175909105273,0.035824090894727045,4.148620560030257
2007-06-26,0.015731369180052388,0.04792989050686317,0.914427277611274,0.9623571681181371,50.0,1.0386977648243552,-0.03869776482435516,3.850975842502563
2007-07-03,0.01824764000216284,0.04963893187912485,0.9050351666340273,0.9546740985131521,24.95418094109892,0.970426300525767,0.02957369947423305,4.1218998267388685
2007-07-11,0.020045917199676775,0.04880596878251033,0.9025585873813411,0.9513645561638514,50.0,1.0218136255760113,-0.021813625576011297,3.9146082023961477
2007-07-18,0.02192538050373895,0.04863452614646199,0.9010819167805055,0.9497164429269676,50.0,1.0178618615069057,-0.01786186150690572,3.9298063433461907
2007-10-18,0.01744805123219805,0.09294681790586888,0.9033392789352265,0.9962860968410954,50.0,1.4159024237413749,-0.41590242374137487,2.8250534308927984
2008-02-28,0.018231577783694896,0.08817016347435727,0.9055984008024686,0.9937685642768258,5.3040822687562,1.0210357990377186,-0.021035799037718572,3.9175903565475614
2008-04-11,0.010430505059436084,2.1009633921408007e-10,0.9988417555570241,0.9988417557671205,4.049754850785741,0.997684853063944,0.002315146936055945,4.00928207711662
2008-04-18,0.012547103188757762,0.0,0.9971462946234209,0.9971462946234209,3.790014170941216,0.994300732881218,0.005699267118781992,4.022927739788614
2008-04-25,0.01609646587104389,0.0,0.9944047969269028,0.9944047969269028,3.850028569936273,0.9888409001512347,0.011159099848765286,4.045140122529554
2008-05-02,0.04757611110891868,0.06565556364632627,0.9102707307899125,0.9759262944362388,4.560437358592223,0.9677799422874642,0.03222005771253578,4.133171008427308
2008-05-09,0.060933398023470586,0.06528256066341663,0.900023265737677,0.9653058264010936,4.0970210855870866,0.9450142623615367,0.05498573763846326,4.232740350398763
2008-05-16,0.07022189311627718,0.06827803664159933,0.8921945286772325,0.9604725653188319,4.311087338021183,0.9379434746327585,0.06205652536724149,4.264649318623552
2008-05-23,0.0878500776499635,0.06380242046839767,0.8836388276860758,0.9474412481544735,3.9637586371197275,0.9097096357908415,0.09029036420915848,4.397007399534319
2008-06-02,0.09339881278108293,0.06511026907566837,0.8783467857649633,0.9434570548406317,3.979612031061485,0.9027428240680847,0.0972571759319153,4.430940787736819
2008-06-09,0.11216292284367886,0.06203619084211915,0.8732068410032725,0.9352430318453917,4.065608403492274,0.8864774887554147,0.11352251124458534,4.512240920653122
2008-06-16,0.11189242887957543,0.05564659114961934,0.8799213844926629,0.9355679756422822,4.160532421320306,0.8850741619297375,0.11492583807026246,4.51939529143948
2008-06-23,0.12510128486185554,0.05046342756133431,0.8763382130961707,0.9268016406575049,4.048872569056765,0.8667254104974709,0.13327458950252913,4.615071799618908
2008-06-30,0.1492876525577497,0.04121364869052245,0.8728059207286574,0.9140195694191798,4.296172843969645,0.8410305365752317,0.15896946342476825,4.75606987623593
2008-07-08,0.157551859433187,0.034618854431058006,0.8723233804342859,0.906942234865344,4.054943820282049,0.8262054608789873,0.17379453912101273,4.841410749990034
2008-07-15,0.1649086985229541,0.032954998802160365,0.870408367756159,0.9033633665583194,3.856630690193358,0.8191677642271985,0.1808322357728015,4.883004647739762
2008-07-22,0.12965978774860415,0.02901413729509854,0.8931289288644096,0.9221430661595081,3.702250768289185,0.8526226436482299,0.14737735635177007,4.691407189099117
2008-07-29,0.13988577551291617,0.027911287609197605,0.8885400085051901,0.9164512961143877,3.7237587548219846,0.8420048951047365,0.15799510489526347,4.7505662060342795
2008-08-05,0.14886183382260193,0.02924149511352912,0.8814395923762476,0.9106810874897767,3.63494595418824,0.8315930932699888,0.16840690673001124,4.810044759115552
2008-08-12,0.13706835181384006,0.03332467451750379,0.8875781809574976,0.9209028554750014,3.6087158324974635,0.8509591366721564,0.1490408633278436,4.700578238859729
2008-08-19,0.137758724890102,0.031724497932288355,0.8882625044367091,0.9199870023689974,3.7367617893758065,0.8491304813782009,0.1508695186217991,4.710701226397747
2008-08-26,0.1445625035034922,0.0320390390843661,0.8825732799566451,0.9146123190410113,3.5995791533588952,0.8391841622086575,0.16081583779134245,4.766534188958427
2008-09-03,0.043905122695241765,6.010911638696834e-15,0.9755780294582209,0.9755780294582269,3.743502233662335,0.9517524915615971,0.048247508438402864,4.202773342297178
2008-09-10,0.04350856713918836,2.847082106732654e-11,0.9773863334394939,0.9773863334679647,3.9648395816014457,0.9552840448499516,0.04471595515004845,4.187236269216962
2008-09-17,0.09838055118431538,0.031541569403699336,0.9198842211654206,0.9514257905691199,4.402208209872151,0.9085957918846806,0.09140420811531935,4.4023976731202845
2008-09-24,0.08909003066158419,0.08824916027336537,0.8807892487793471,0.9690384090527124,3.8400148138492463,0.96115323016903,0.03884676983097002,4.161667332998042
2008-10-01,0.08222868950700132,0.1029790514213574,0.8806110298453453,0.9835900812667028,4.675137967369225,1.0064231285580205,-0.006423128558020519,3.974471458869498
2008-10-08,0.08584139306130403,0.10179189225121602,0.8791875987978907,0.9809794910491066,4.19754401514961,0.9954523998024147,0.0045476001975852665,4.0182735013687765
2008-11-12,0.05524120305082716,0.11324375894026374,0.8835943784898489,0.9968381374301126,3.930729504277359,1.0312703838976778,-0.03127038389767778,3.878711211391559
2008-12-26,0.07354645815486534,0.12587252666336157,0.8675018927948076,0.9933744194581692,3.9140520517723285,1.0329626660471192,-0.03296266604711917,3.872356796114389
2009-01-05,0.07498288815932479,0.12876112226483472,0.8629020798665917,0.9916632021314264,3.8973074585723735,1.0314316028285782,-0.03143160282857815,3.8781049456216747
2009-01-12,0.07958231515998335,0.13046063771819222,0.8595272738173235,0.9899879115355157,3.989970111632454,1.030965290488668,-0.030965290488667918,3.879859037838255
2009-01-20,0.07990151558920493,0.12889481353054066,0.8614000310758648,0.9902948446064055,4.084796073933151,1.0319342893186576,-0.031934289318657605,3.876215803082801
2009-01-27,0.07129288537238533,0.1252434931305225,0.8709655597049824,0.9962090528355049,4.466662381986142,1.046810309323526,-0.04681030932352592,3.82113164569892
2009-02-03,0.07012403038062373,0.1252105423452303,0.8715816104051176,0.9967921527503479,4.41904560962496,1.0471972984650622,-0.047197298465062154,3.8197195560598103
2009-02-10,0.07649468992645785,0.12852441164438852,0.8669625695730021,0.9954869812173907,4.335999215185743,1.0461001141694968,-0.046100114169496775,3.8237258038879163
2009-04-30,0.07018417687245772,0.10362550491978793,0.894253169121793,0.9978786740415809,3.749434708855449,1.0252859523641973,-0.025285952364197284,3.901350633719732
2009-05-07,0.077704745179748,0.10329696252876064,0.893050167961924,0.9963471304906847,3.7157748764172087,1.0216856351714922,-0.021685635171492246,3.915098600097858
2009-05-14,0.09153582570944348,0.10293887124678591,0.8912863874703224,0.9942252587171083,3.636553889227845,1.0164218742680764,-0.016421874268076397,3.935373786480533
2009-05-21,0.10175607365851705,0.10197709388507817,0.8895905402754845,0.9915676341605626,3.6243350330623394,1.010497693058467,-0.01049769305846704,3.9584454546286247
2009-05-29,0.1150606107053507,0.10157829613809395,0.8878391342671175,0.9894174304052115,3.5948115962373883,1.0057205075005178,-0.00572050750051778,3.977248122285048
2009-06-05,0.1087924396668542,0.10431894857045003,0.885192753211823,0.989511701782273,3.4701696274110794,1.0060148882108728,-0.006014888210872815,3.9760842974339283
2009-06-12,0.1099882573663511,0.10780665937437635,0.8818184548555751,0.9896251142299515,3.6683916797833755,1.010370650774089,-0.010370650774089052,3.958943182816549
2009-06-19,0.10795438041872159,0.10917948336896495,0.8803898370776562,0.9895693204466212,3.613309741703641,1.0103985091450363,-0.010398509145036261,3.958834028154554
2009-06-26,0.11777544411275272,0.107792491019016,0.8801203709397213,0.9879128619587373,3.561728179487249,1.0057371089905174,-0.005737108990517381,3.9771824706904737
2009-07-06,0.12368167594992358,0.10793850486225792,0.8795996159742169,0.9875381208364749,3.6244027872864537,1.0058077243303698,-0.005807724330369801,3.976903242280282
2009-07-13,0.10334530335909398,0.10827696433182006,0.8818939696970163,0.9901709340288364,3.764629801122275,1.0128507246991316,-0.012850724699131622,3.9492492846744067
2009-07-20,0.11833957128576736,0.10662387619598432,0.8818588682579855,0.9884827444539699,3.857317454274624,1.0095819809458377,-0.009581980945837731,3.9620358479977593
2009-07-27,0.10193343449953798,0.10707607535150798,0.8834789545820101,0.9905550299335181,4.035066537784926,1.0159971729463104,-0.015997172946310423,3.9370188289011874
2009-08-24,0.02057730967634854,0.07969683358143137,0.9167105349340124,0.9964073685154438,4.1401145309359295,1.0127723492732046,-0.012772349273204586,3.949554905276115
2009-08-31,8.202278608077229e-08,0.05529903881749723,0.93819624955825,0.9934952883757472,4.033315213215159,0.996308716486005,0.0036912835139949474,4.014819838280705
2009-09-08,8.09594326823769e-08,0.030750830240839886,0.9590536247953265,0.9898044550361664,3.5784826095554787,0.9821511073305539,0.017848892669446115,4.072693061327228
2009-09-15,8.114869651997542e-08,0.010540673302634238,0.9770670938176762,0.9876077671203104,3.298575285667667,0.9756244867077962,0.024375513292203776,4.099938095545174
2009-09-22,7.927029748102284e-08,2.700185453936982e-09,0.9877642893915307,0.9877642920917161,3.2698003696001194,0.9756782967314492,0.024321703268550765,4.099711978220809
2009-09-29,7.65729733599484e-08,0.0,0.9859696187114584,0.9859696187114584,3.0944061405796557,0.9721360890220186,0.027863910977981354,4.114650248221986
2009-10-06,0.004968008761277715,0.0,0.9849593431049598,0.9849593431049598,3.223249344312451,0.9701449075697539,0.02985509243024609,4.1230953940892565
2009-10-13,0.00485610612155918,0.0,0.9841903783494321,0.9841903783494321,3.393863209283612,0.9686307008355983,0.031369299164401676,4.129540800791636
2009-10-20,0.00010752835499718037,1.1547437887252328e-08,0.9870757311689955,0.9870757427164334,3.279709818791615,0.9743185218591989,0.02568147814080113,4.105433603342758
2009-10-27,0.004585768770452648,1.461765504662221e-08,0.9855617073021536,0.9855617219198087,3.1651305337356503,0.9713319077135388,0.028668092286461166,4.118056833339056
2009-11-03,0.010814160610549302,2.3334258390632123e-12,0.9850589316236125,0.9850589316259459,3.246628597660194,0.9703410987760499,0.029658901223950096,4.12226175418669
2009-11-10,0.013816191514348007,0.0,0.983782232163399,0.983782232163399,3.3382147476861093,0.9678274803203999,0.03217251967960011,4.132967994126182
2009-11-17,0.01337106559072776,5.7248954857216894e-08,0.9836748173220631,0.983674874571018,3.4673581167546024,0.967616258862316,0.03238374113768405,4.13387018186635
2009-11-24,0.009084610696525811,6.503639038809317e-11,0.9861685255379103,0.9861685256029468,3.60262624691934,0.9725283608898898,0.02747163911011019,4.112990593240789
2009-12-02,0.01287806428876619,0.03227111170588224,0.955753531496665,0.9880246432025472,3.445506878631148,0.9787395067224656,0.02126049327753443,4.086889282108291
2009-12-09,0.011351544954479929,0.038392612262561486,0.9514482443158123,0.9898408565783738,3.716026902406826,0.9837883251147082,0.01621167488529185,4.065915296904551
2009-12-16,0.007253618439619825,0.034337318016807825,0.9558067003878403,0.9901440184046482,3.8622195748580905,0.9837598812039271,0.0162401187960729,4.066032856620248
2009-12-23,0.006607457752197377,0.04040839527274654,0.9507454776567406,0.9911538729294871,3.9433242086267004,0.9871919726396899,0.01280802736031006,4.051896805141404
2009-12-31,0.00031485957363374745,0.02879154909709397,0.9624554737811025,0.9912470228781964,3.887052346605723,0.984963891933177,0.015036108066822984,4.0610625757551855
2010-01-08,2.8695870404919378e-08,0.0,0.990966734379481,0.990966734379481,3.638217384877925,0.9820150686467329,0.017984931353267064,4.073257252062542
2010-01-15,2.7841813196320805e-08,5.4086450753948255e-11,0.9899651591251281,0.9899651591792145,3.6730464215736993,0.9800310163887276,0.019968983611272417,4.081503476022036
2010-01-25,0.014521917284876422,0.025331072949870078,0.9592039080840113,0.9845349810338814,3.7458310833576505,0.9710710277949323,0.028928972205067738,4.119163156461411
2010-02-01,0.007141885321858608,0.0,0.9873278544970364,0.9873278544970364,3.5167911866882453,0.9748162922657211,0.025183707734278915,4.103337245936855
2010-02-08,0.01646480724688367,0.0,0.9814675018783553,0.9814675018783553,3.628525279925496,0.9632784572433394,0.03672154275666062,4.152485680461488
2010-02-16,0.018713214872755794,1.1781252133765596e-16,0.9794677364956424,0.9794677364956426,3.5444509786396723,0.9593570468358975,0.04064295316410249,4.1694591322309
2010-02-23,0.022217944025639244,1.2975053193363926e-15,0.9762483375499148,0.9762483375499161,3.583836473361883,0.9530608165689749,0.0469391834310251,4.197003937692062
2010-03-02,0.024476564438075242,0.0,0.974177646261023,0.974177646261023,3.6688738623325263,0.9490220864746668,0.05097791352533321,4.2148650247527994
2010-03-09,0.02274480348924672,0.0,0.9750780932525706,0.9750780932525706,3.9126206524571976,0.9507772879410686,0.04922271205893136,4.207084088706091
2010-03-16,0.01720775064809561,0.0,0.9788720542106855,0.9788720542106855,4.140203570435832,0.9581904985146471,0.041809501485352896,4.174535237200388
2010-03-23,0.020506901230238607,3.955745621904099e-17,0.9752578052167623,0.9752578052167623,4.480379703401914,0.9511277866362164,0.048872213363783557,4.205533742365477
2010-03-30,0.0050330868704948975,0.0,0.9881010904327049,0.9881010904327049,4.558141364042073,0.9763437649143004,0.023656235085699584,4.0969176469838
2010-04-07,1.4105766336306711e-08,0.0,0.9919772074250299,0.9919772074250299,4.982353104838259,0.9840187800507608,0.015981219949239178,4.0649630688894565
2010-04-14,0.008029971318492238,0.07005644109480993,0.9181597650225073,0.9882162061173172,4.819652460475345,0.9953177612084401,0.004682238791559934,4.018817061139852
2010-04-21,0.0252025286710019,0.07493327471120681,0.9014129740110187,0.9763462487222255,4.831624642852825,0.9747665531302878,0.025233446869712184,4.1035466257584625
2010-04-28,0.03236208471277562,0.06753540591179646,0.9040030400229425,0.9715384459347389,6.144641385977633,0.967351821040444,0.03264817895955596,4.135000227422701
2010-05-05,0.044573478793719895,0.09467355104402367,0.8714644596087208,0.9661380106527444,5.286113863528365,0.9718394425076856,0.028160557492314386,4.115906213559929
2010-05-12,0.04945964179135391,0.12280589712535667,0.8519695552557459,0.9747754523811025,6.799211560462019,1.0376467644195788,-0.037646764419578815,3.854876377162369
2010-05-19,0.05361060682158969,0.12117801877633443,0.8492415959595657,0.9704196147359001,6.77776587282019,1.0265555912056614,-0.026555591205661422,3.8965254626903443
2010-05-26,0.052177987971001226,0.1202123630817801,0.8527622992406031,0.9729746623223832,7.657303746178056,1.0428844714274987,-0.04288447142749874,3.835515926826301
2010-06-03,0.04550576465614505,0.1289742348612705,0.85642333160567,0.9853975664669404,8.357436015286012,1.0933945537507368,-0.0933945537507368,3.6583317396986845
2010-06-10,0.041859246604733454,0.12491829376190147,0.8603209909183044,0.9852392846802058,7.254174057189955,1.0682902082143992,-0.06829020821439924,3.7443009111595495
2010-06-17,0.042779315752407836,0.12515213370022463,0.8583926023949268,0.9835447360951514,7.3255863001750585,1.066438263956762,-0.066438263956762,3.750803150253597
2010-06-24,0.04846604739281301,0.12817094182654196,0.8457871923297168,0.9739581341562588,5.877391860752475,1.028719217928504,-0.02871921792850407,3.8883301976749887
2010-07-01,0.042864046174473626,0.12496759695433278,0.8547763398023419,0.9797439367566747,5.849215196354556,1.0356278918106117,-0.035627891810611656,3.8623911461159177
2010-07-09,0.04252567211005466,0.1244504620711346,0.8579589471366594,0.9824094092077941,6.545749310077432,1.0510203551440667,-0.051020355144066665,3.8058254347050275
2010-07-16,0.04952413115157348,0.12490274606086765,0.8512499337053675,0.9761526797662352,6.9018626290624505,1.0449472187684359,-0.04494721876843588,3.827944539356121
2010-07-23,0.03967206744410321,0.12435524112187667,0.8602232636942757,0.9845785048161524,5.74518578668973,1.042775457537175,-0.04277545753717504,3.835916899547283
2010-07-30,0.04281575343916214,0.12397661854761215,0.8558828608650749,0.979859479412687,5.6776944809397225,1.0320217082109748,-0.03202170821097483,3.8758874626136115
2010-08-06,0.04217189114142954,0.12225600486334819,0.8567835230358212,0.9790395278991694,5.929143256688689,1.0321919883237771,-0.03219198832377712,3.8752480597100734
2010-08-13,0.043420424843674504,0.119225368872888,0.863317294022731,0.9825426628956191,8.216478627599557,1.0679700807663237,-0.06797008076632371,3.745423277335441
2010-08-20,0.04399768772739922,0.11806748873567566,0.8642219032823448,0.9822893920180205,8.36181446961802,1.0675156420111636,-0.06751564201116356,3.747017694714182
2010-08-27,0.043844337157329036,0.11490759693104485,0.8649768618861725,0.9798844588172173,7.324983325960885,1.0436870881119265,-0.04368708811192645,3.832566336751533
2010-09-03,0.040967031326255635,0.12381187960807208,0.8620356999151837,0.9858475795232557,6.37864151317018,1.054346697931552,-0.05434669793155189,3.7938184923871026
2010-09-13,0.04395613465912089,0.12091931199670464,0.8626646345493342,0.9835839465460388,7.486457710789049,1.062278991681459,-0.062278991681459006,3.7654891335735488
2010-09-20,0.04332757433647115,0.12503994340228292,0.8572452087366293,0.9822851521389122,8.306008564491702,1.0791134722990994,-0.07911347229909937,3.70674641979756
2010-09-27,0.04024465354210697,0.11773056467006528,0.8647843114248175,0.9825148760948827,7.232490430894521,1.0517208272223626,-0.0517208272223626,3.8032906608535675
2010-10-04,0.041741763325844776,0.12391261317482032,0.8572510986440743,0.9811637118188946,7.364040329658294,1.060397841044407,-0.06039784104440704,3.7721691285794394
2010-10-11,0.04190922232571996,0.11896971219051795,0.8626198395180269,0.9815895517085449,8.293735175461256,1.0667520616537922,-0.06675206165379222,3.7496998072811554
2010-10-18,0.03634154960689658,0.11967086322581716,0.8626109804655592,0.9822818436913763,8.724149760096564,1.0754960613396298,-0.07549606133962983,3.7192139923019614
2010-10-25,0.03814186219118452,0.11354446675570744,0.8664201193523092,0.9799645861080166,10.795300086766778,1.0866149872408206,-0.08661498724082062,3.681156662634455
2010-11-01,0.03463582549001356,0.12022307493638269,0.8703414599339057,0.9905645348702884,50.0,1.689443897353586,-0.6894438973535859,2.3676429896640925
2010-11-08,0.03809450610602169,0.12234407556571633,0.8709516460438382,0.9932957216095546,50.0,1.7200719590433013,-0.7200719590433013,2.3254841048770936
2010-11-15,0.04051694714969925,0.11807627259117057,0.8687418761925364,0.986818148783707,50.0,1.6569683600710987,-0.6569683600710987,2.4140473025256584
2010-11-22,0.04244657390115159,0.11875248266663854,0.8688039575428005,0.987556440209439,50.0,1.6662731774341633,-0.6662731774341633,2.4005667583027788
2010-11-30,0.043240977553512035,0.11874742725470544,0.8673554623061137,0.9861028895608192,43.130116874439125,1.5664736426770274,-0.5664736426770274,2.5535060986817464
2010-12-07,0.04474200480166228,0.12145291098929102,0.8664620112893617,0.9879149222786527,50.0,1.6987655634616963,-0.6987655634616963,2.3546509807091414
2010-12-14,0.04587359498735447,0.13116794459226766,0.8602343532463078,0.9914022978385755,50.0,1.8259249708990573,-0.8259249708990573,2.19067051699855
2011-01-20,0.027675400310189027,0.139329171415471,0.8569410639595059,0.9962702353749768,50.0,1.943772664252875,-0.943772664252875,2.0578538187939146
2011-04-25,0.009542216299839583,0.05318709350006258,0.9343867152778274,0.9875738087778899,38.68922003951348,1.081919815405415,-0.08191981540541504,3.697131657119273
2011-05-02,0.01010868002230578,0.050881521460674546,0.9340686340009232,0.9849501554615978,50.0,1.0969843408253268,-0.09698434082532681,3.646360163163825
2011-05-09,0.011810561388434893,0.04165079832538099,0.9404322996578302,0.9820830979832111,50.0,1.049491872400238,-0.049491872400238,3.8113682489525234
2011-05-16,0.014235156711701284,0.04241969340015276,0.93795961448282,0.9803793078829727,46.54462110708172,1.0430979625625478,-0.04309796256254783,3.834730910770182
2011-05-23,0.011034606370704617,0.0,0.9789443398157613,0.9789443398157613,8.060745880004825,0.9583320204573168,0.0416679795426832,4.173918761569917
2011-05-31,0.011919547914513695,2.9462565474769823e-13,0.9775569683420333,0.977556968342328,9.755728058572757,0.9556176263546431,0.04438237364535691,4.185774612863351
2011-06-07,0.03429306604567185,0.07384653136380333,0.8987967872967143,0.9726433186605177,50.0,1.2132472248637396,-0.2132472248637396,3.296937275458629
2011-06-14,0.03623878711800271,0.07335332944094175,0.8959567975947871,0.9693101270357288,50.0,1.203216958437516,-0.20321695843751608,3.3244212292306408
2011-06-21,0.035851950857339276,0.0690914168904404,0.8943977602697533,0.9634891771601937,50.0,1.16221896501333,-0.1622189650133301,3.4416922459651325
2011-06-28,0.038410938632028616,0.06989546450220505,0.8871685596674868,0.9570640241696918,34.08001667448545,1.0775798645109602,-0.07757986451096022,3.712021847972564
2011-07-06,0.039362294267357566,0.07578861486712238,0.8793152945738466,0.955103909440969,15.778044568780954,0.9971072970409771,0.002892702959022886,4.01160437986005
2011-07-13,0.04166644700426291,0.07937139405554405,0.8753877518311896,0.9547591458867336,15.507905483413815,1.0029621935802568,-0.0029621935802568444,3.988186220381118
2011-07-20,0.04326753320132842,0.07536459041821846,0.8717729134263128,0.9471375038445312,8.292860677658561,0.9384915979814108,0.0615084020185892,4.26215856231803
2011-07-27,0.046639405357579676,0.07688914485757212,0.8677308178323289,0.944619962689901,10.578876199905496,0.9489366209914454,0.05106337900855462,4.215244634379075
2011-08-03,0.04578247908956533,0.08788939086077222,0.8677929362077011,0.9556823270684733,16.619100835828142,1.0339791579410893,-0.0339791579410893,3.8685499308951243
2011-08-10,0.04870898654393155,0.16808626699697218,0.8245981979669049,0.9926844649638771,50.0,2.369819111476512,-1.3698191114765121,1.6878925402486968
2011-08-17,0.05781562688356682,0.18982036198961622,0.798147780401911,0.9879681423915272,50.0,2.7416377718481426,-1.7416377718481426,1.4589819417696428
2011-08-24,0.05317971776994234,0.18730265297639193,0.8047502500598194,0.9920529030362113,50.0,2.703200869210315,-1.703200869210315,1.4797272542933586
2011-08-31,0.0570808113582792,0.1828282023643089,0.8006278728516552,0.983456075215964,50.0,2.6050672792876575,-1.6050672792876575,1.5354689807066249
2011-09-15,0.04461581049038854,0.17083234971531036,0.8243363273047858,0.9951686770200961,50.0,2.4203615894753794,-1.4203615894753794,1.6526456284025777
2011-09-22,0.03852218656140731,0.16479460228698556,0.83238247873965,0.9971770810266356,50.0,2.325067917128163,-1.325067917128163,1.720379852361754
2012-01-03,0.02294780250868326,0.09556622134490045,0.9019162815649435,0.997482502909844,5.290803005063245,1.0341588297989581,-0.034158829798958124,3.867877819867965
2012-01-10,0.030400861437354643,0.10971664102745667,0.8833883202983407,0.9931049613257974,5.247502647568926,1.0373878023303456,-0.037387802330345554,3.8558386661329194
2012-01-18,0.035906345535334096,0.1321239620586726,0.8589527323800975,0.9910766944387701,5.166851592529824,1.054972664754648,-0.054972664754648015,3.7915674345271007
2012-01-25,0.03419945751146209,0.14568948160039966,0.8476320234249165,0.9933215050253161,5.214261606201169,1.0761371062050318,-0.07613710620503178,3.7169984911178195
2012-02-01,0.030304716069898634,0.15557305551889333,0.8407809289463611,0.9963539844652545,4.912573706952577,1.0874171883359973,-0.08741718833599732,3.678441027882717
2012-02-08,0.03461799760676508,0.1480058008571692,0.8459353412615358,0.993941142118705,4.983084773492275,1.0751713221793768,-0.07517132217937683,3.720337324373555
2012-02-15,0.026294105568886107,0.14276189639258624,0.8513829833325514,0.9941448797251375,4.447102311819341,1.058579292982071,-0.058579292982070985,3.778649390289696
2012-02-23,0.024955867132503657,0.14943726100040766,0.8449766722995751,0.9944139332999827,4.084576901018809,1.0577422843071826,-0.057742284307182645,3.7816394970160294
2012-03-01,0.017711876446487796,0.1511392142078059,0.8476961499180441,0.9988353641258501,4.22346639262158,1.0713059275199945,-0.07130592751999454,3.7337607281420975
2012-03-08,0.02596816876941658,0.1488548495797433,0.8453797188801596,0.9942345684599029,4.408427578224874,1.0640255186565413,-0.06402551865654127,3.7593083341182227
2012-03-15,0.025235560779613808,0.14164975277239109,0.8534627532097495,0.9951125059821406,4.683456133361304,1.064156166731372,-0.06415616673137192,3.758846798103207
2012-03-22,0.021058796186170084,0.12876519143191917,0.8684995512397518,0.997264742671671,4.816167734552098,1.0578108388799494,-0.05781083887994942,3.7813944166381894
2012-03-29,0.02387796259471926,0.12755504788327715,0.8682535400770304,0.9958085879603076,4.759113317024242,1.052796608570434,-0.05279660857043389,3.7994043364477585
2012-04-05,0.025286035065713034,0.12446307897502465,0.8689473764215404,0.993410455396565,4.591816568612035,1.0425053717813078,-0.042505371781307755,3.8369106848488284
2012-04-13,0.028941706017072362,0.13122058315485036,0.8623301341452908,0.9935507173001412,4.404999948397335,1.0457731820742011,-0.04577318207420111,3.824921186127898
2012-04-20,0.028466402538786073,0.1337864573902418,0.8597474923543944,0.9935339497446363,4.241264464003033,1.0451245061304755,-0.04512450613047547,3.827295194531236
2012-04-27,0.02914628646064231,0.13210363750618975,0.8611254525663506,0.9932290900725405,4.33258333094191,1.0446621736042006,-0.04466217360420055,3.8289890273326885
2012-05-04,0.025754999756543173,0.13038379879144837,0.8627883982170027,0.993172197008451,4.387143209705161,1.0439722272682184,-0.04397222726821837,3.83151955149887
2012-05-11,0.025312471868545038,0.1256529593717059,0.8679364767781707,0.9935894361498765,4.633658337472646,1.0445905861997173,-0.04459058619971734,3.8292514338581567
2012-05-18,0.02567869609199574,0.12293835465330853,0.8698080058269425,0.992746360480251,4.471448599264151,1.0380122516285768,-0.0380122516285768,3.8535190636952965
2012-05-25,0.023826424771636222,0.12193248254761195,0.8699915555951948,0.9919240381428067,4.404953810469116,1.034536551393544,-0.03453655139354406,3.8664656116904808
2012-06-04,0.027797540133366775,0.13143051011962206,0.8626555126396102,0.9940860227592322,4.337016820750475,1.0458505790972037,-0.04585057909720369,3.8246381270380603
2012-06-11,0.02670256628031117,0.1278962660720349,0.8657671421249346,0.9936634081969694,4.568192840445797,1.0457335221631094,-0.04573352216310944,3.8250662479729667
2012-06-18,0.02661264111463507,0.1311234845232423,0.86347296143855,0.9945964459617923,4.571407337076073,1.0506266116352054,-0.05062661163520543,3.807251744532114
2012-06-25,0.025702818032156797,0.12582843608897512,0.8689001597205389,0.994728595809514,4.918409236374217,1.0515243507743657,-0.05152435077436568,3.8040013025416974
2012-07-02,0.024891857336350395,0.1253063725705231,0.871349344649997,0.9966557172205202,5.111401402578322,1.0578785566508817,-0.05787855665088171,3.781152358984879
2012-07-10,0.022584503758707974,0.11188954404806425,0.8804758771213703,0.9923654211694346,5.149631389368594,1.0367394851759724,-0.036739485175972364,3.8582498855255376
2012-07-17,0.02025218018044843,0.09631949932934666,0.8909931335836516,0.9873126329129983,4.508901354611885,1.0073398777745959,-0.007339877774595882,3.970854413940959
2012-07-24,0.019849107416667587,0.0802564617332659,0.8998742249462142,0.9801306866794801,3.7256735188833727,0.9782124977191282,0.021787502280871784,4.089091081259637
2012-07-31,0.0238976546693348,0.0741230049371425,0.8994848468709075,0.97360785180805,3.222146967712777,0.960121213106158,0.039878786893842055,4.166140634534372
2012-08-07,0.026747798737905427,0.07398950134747373,0.8958507587784275,0.9698402601259012,3.1547197112466994,0.9523860275326356,0.04761397246736443,4.199977618700345
2012-08-14,0.019694686347963182,0.07604911574573692,0.9020042617674722,0.9780533775132091,3.323356306205561,0.9700254661277968,0.02997453387220317,4.123603080203068
2012-08-21,0.018700510554352973,0.08995657780532079,0.8891231971986778,0.9790797750039986,3.3472962346587285,0.9775919632926799,0.022408036707320056,4.0916866649838095
2012-08-28,0.018342806719467447,0.09230817735198156,0.8863437679911631,0.9786519453431447,3.406552495258048,0.9782653816774425,0.02173461832255752,4.088870029460876
2012-09-05,0.01710114233588211,0.09400610539585567,0.8848441964060665,0.9788503018019221,3.53523814927958,0.9805521877021597,0.019447812297840317,4.079334124350544
2012-09-12,0.02101092839593288,0.08485135418665496,0.8912446676790481,0.9760960218657031,4.027023482644955,0.9745572632055031,0.025442736794496934,4.104427878196961
2012-09-19,0.022094151035588597,0.07401863179594588,0.8970857417553639,0.9711043735513099,4.025390236832207,0.9596190848487458,0.04038091515125419,4.168320600491679
2012-09-26,0.021743269483102186,0.07404164364489868,0.8970607834384234,0.9711024270833222,4.331254491438564,0.9613024106449833,0.03869758935501666,4.161021501356904
2012-10-03,0.021881111369935754,0.07361726242720941,0.8965310526537743,0.9701483150809838,4.566166101604355,0.9605145951754054,0.03948540482459462,4.164434377251223
2012-10-10,0.023345695842097853,0.07541183674837076,0.8938930817897124,0.9693049185380831,4.929085398873317,0.9618965181442326,0.038103481855767396,4.15845148053672
2012-10-17,0.025348938802548536,0.06465093622905504,0.8981903569350753,0.9628412931641304,4.710083301328284,0.9425705525903032,0.0574294474096968,4.243714159123148
2012-10-24,0.03130724304712595,0.055551647798739175,0.8995665340299646,0.9551181818287038,5.165829988961398,0.9251064325059207,0.07489356749407927,4.32382681543445
2012-11-02,0.03232483092398378,0.0489221896569435,0.9035573009350466,0.9524794905919901,5.953421338836423,0.9190726027366221,0.08092739726337794,4.352213294237732
2012-11-09,0.039575264530186845,0.05034571614075507,0.8963964324086791,0.9467421485494342,6.851941666183544,0.911153560496353,0.08884643950364701,4.3900393670425775
2012-11-16,0.04174881957884033,0.0413968132120895,0.9018439918932437,0.9432408051053333,8.346958472976915,0.9022936708218827,0.09770632917811728,4.4331464681077435
2012-11-26,0.04838028545426275,0.039817636569381046,0.8951747076818021,0.9349923442511832,9.376887084134584,0.8874917706988947,0.11250822930110527,4.507084045241369
2012-12-03,0.053599189583748416,0.03546988843747561,0.8894619615406559,0.9249318499781315,9.585435532696891,0.8663003750361199,0.1336996249638801,4.617336105658759
2012-12-10,0.04848779411236543,0.04550556214302372,0.8835016085243838,0.9290071706674075,7.564543486147222,0.8766478921833557,0.1233521078166443,4.562835359174488
2012-12-17,0.04821347404891354,0.04272222275106124,0.8881815208817179,0.9309037436327791,11.08955618574624,0.8849971199813562,0.11500288001864378,4.519788719859638
2012-12-24,0.026977159722218917,0.02935676993341459,0.9314697940193598,0.9608265639527744,5.924497678399553,0.9274317162955708,0.07256828370442925,4.312985991008752
